"class_name","source_file","module","component","package","loc","outgoing_dependency_count","incoming_dependency_count","public_type_count","method_count"
"com.dsarp.shop.adapters.audit.InMemoryAuditStore","shop-adapters/src/main/java/com/dsarp/shop/adapters/audit/InMemoryAuditStore.java","shop-adapters","adapters","com.dsarp.shop.adapters.audit","40","3","0","1","6"
"com.dsarp.shop.adapters.delivery.InMemoryDeliveryGateway","shop-adapters/src/main/java/com/dsarp/shop/adapters/delivery/InMemoryDeliveryGateway.java","shop-adapters","adapters","com.dsarp.shop.adapters.delivery","40","3","0","1","6"
"com.dsarp.shop.adapters.notification.ConsoleNotificationAdapter","shop-adapters/src/main/java/com/dsarp/shop/adapters/notification/ConsoleNotificationAdapter.java","shop-adapters","adapters","com.dsarp.shop.adapters.notification","40","3","0","1","6"
"com.dsarp.shop.adapters.notification.RecordingNotificationAdapter","shop-adapters/src/main/java/com/dsarp/shop/adapters/notification/RecordingNotificationAdapter.java","shop-adapters","adapters","com.dsarp.shop.adapters.notification","40","3","0","1","6"
"com.dsarp.shop.adapters.payment.DeterministicFraudGateway","shop-adapters/src/main/java/com/dsarp/shop/adapters/payment/DeterministicFraudGateway.java","shop-adapters","adapters","com.dsarp.shop.adapters.payment","40","3","0","1","6"
"com.dsarp.shop.adapters.payment.InMemoryPaymentGateway","shop-adapters/src/main/java/com/dsarp/shop/adapters/payment/InMemoryPaymentGateway.java","shop-adapters","adapters","com.dsarp.shop.adapters.payment","40","3","0","1","6"
"com.dsarp.shop.adapters.repository.InMemoryCatalogRepository","shop-adapters/src/main/java/com/dsarp/shop/adapters/repository/InMemoryCatalogRepository.java","shop-adapters","adapters","com.dsarp.shop.adapters.repository","40","3","0","1","6"
"com.dsarp.shop.adapters.repository.InMemoryCustomerRepository","shop-adapters/src/main/java/com/dsarp/shop/adapters/repository/InMemoryCustomerRepository.java","shop-adapters","adapters","com.dsarp.shop.adapters.repository","40","3","0","1","6"
"com.dsarp.shop.adapters.repository.InMemoryInventoryRepository","shop-adapters/src/main/java/com/dsarp/shop/adapters/repository/InMemoryInventoryRepository.java","shop-adapters","adapters","com.dsarp.shop.adapters.repository","40","3","0","1","6"
"com.dsarp.shop.adapters.repository.InMemoryOrderRepository","shop-adapters/src/main/java/com/dsarp/shop/adapters/repository/InMemoryOrderRepository.java","shop-adapters","adapters","com.dsarp.shop.adapters.repository","40","3","0","1","6"
"com.dsarp.shop.application.CartUseCase","shop-application/src/main/java/com/dsarp/shop/application/CartUseCase.java","shop-application","application","com.dsarp.shop.application","19","3","0","1","2"
"com.dsarp.shop.application.CatalogUseCase","shop-application/src/main/java/com/dsarp/shop/application/CatalogUseCase.java","shop-application","application","com.dsarp.shop.application","19","3","0","1","2"
"com.dsarp.shop.application.CustomerUseCase","shop-application/src/main/java/com/dsarp/shop/application/CustomerUseCase.java","shop-application","application","com.dsarp.shop.application","19","3","0","1","2"
"com.dsarp.shop.application.OrderWorkflow","shop-application/src/main/java/com/dsarp/shop/application/OrderWorkflow.java","shop-application","application","com.dsarp.shop.application","39","11","5","1","2"
"com.dsarp.shop.application.ReturnUseCase","shop-application/src/main/java/com/dsarp/shop/application/ReturnUseCase.java","shop-application","application","com.dsarp.shop.application","19","3","0","1","2"
"com.dsarp.shop.application.ShopApplication","shop-application/src/main/java/com/dsarp/shop/application/ShopApplication.java","shop-application","application","com.dsarp.shop.application","25","3","0","1","3"
"com.dsarp.shop.cart.CartAbandonmentService","shop-business/src/main/java/com/dsarp/shop/cart/CartAbandonmentService.java","shop-business","cart","com.dsarp.shop.cart","124","3","0","1","16"
"com.dsarp.shop.cart.CartCreationService","shop-business/src/main/java/com/dsarp/shop/cart/CartCreationService.java","shop-business","cart","com.dsarp.shop.cart","124","3","0","1","16"
"com.dsarp.shop.cart.CartLineService","shop-business/src/main/java/com/dsarp/shop/cart/CartLineService.java","shop-business","cart","com.dsarp.shop.cart","124","3","0","1","16"
"com.dsarp.shop.cart.CartPricingService","shop-business/src/main/java/com/dsarp/shop/cart/CartPricingService.java","shop-business","cart","com.dsarp.shop.cart","124","3","0","1","16"
"com.dsarp.shop.catalog.CatalogSearchService","shop-business/src/main/java/com/dsarp/shop/catalog/CatalogSearchService.java","shop-business","catalog","com.dsarp.shop.catalog","124","3","0","1","16"
"com.dsarp.shop.catalog.CategoryNavigationService","shop-business/src/main/java/com/dsarp/shop/catalog/CategoryNavigationService.java","shop-business","catalog","com.dsarp.shop.catalog","124","3","0","1","16"
"com.dsarp.shop.catalog.ProductAvailabilityService","shop-business/src/main/java/com/dsarp/shop/catalog/ProductAvailabilityService.java","shop-business","catalog","com.dsarp.shop.catalog","124","3","0","1","16"
"com.dsarp.shop.catalog.ProductPricingService","shop-business/src/main/java/com/dsarp/shop/catalog/ProductPricingService.java","shop-business","catalog","com.dsarp.shop.catalog","124","3","11","1","16"
"com.dsarp.shop.configuration.FeatureConfigurationService","shop-business/src/main/java/com/dsarp/shop/configuration/FeatureConfigurationService.java","shop-business","configuration","com.dsarp.shop.configuration","124","3","11","1","16"
"com.dsarp.shop.configuration.PolicyConfigurationService","shop-business/src/main/java/com/dsarp/shop/configuration/PolicyConfigurationService.java","shop-business","configuration","com.dsarp.shop.configuration","124","3","0","1","16"
"com.dsarp.shop.customer.CustomerConsentService","shop-business/src/main/java/com/dsarp/shop/customer/CustomerConsentService.java","shop-business","customer","com.dsarp.shop.customer","124","3","0","1","16"
"com.dsarp.shop.customer.CustomerProfileService","shop-business/src/main/java/com/dsarp/shop/customer/CustomerProfileService.java","shop-business","customer","com.dsarp.shop.customer","124","3","0","1","16"
"com.dsarp.shop.customer.CustomerRegistrationService","shop-business/src/main/java/com/dsarp/shop/customer/CustomerRegistrationService.java","shop-business","customer","com.dsarp.shop.customer","124","3","0","1","16"
"com.dsarp.shop.customer.CustomerTierService","shop-business/src/main/java/com/dsarp/shop/customer/CustomerTierService.java","shop-business","customer","com.dsarp.shop.customer","124","3","11","1","16"
"com.dsarp.shop.delivery.DeliveryExceptionService","shop-business/src/main/java/com/dsarp/shop/delivery/DeliveryExceptionService.java","shop-business","delivery","com.dsarp.shop.delivery","124","3","0","1","16"
"com.dsarp.shop.delivery.DeliveryQuoteService","shop-business/src/main/java/com/dsarp/shop/delivery/DeliveryQuoteService.java","shop-business","delivery","com.dsarp.shop.delivery","124","3","0","1","16"
"com.dsarp.shop.delivery.DeliverySchedulingService","shop-business/src/main/java/com/dsarp/shop/delivery/DeliverySchedulingService.java","shop-business","delivery","com.dsarp.shop.delivery","124","3","0","1","16"
"com.dsarp.shop.delivery.DeliveryTrackingService","shop-business/src/main/java/com/dsarp/shop/delivery/DeliveryTrackingService.java","shop-business","delivery","com.dsarp.shop.delivery","124","3","0","1","16"
"com.dsarp.shop.experimentalpromotions.adapters.CatalogPromotionAdapter","shop-business/src/main/java/com/dsarp/shop/experimentalpromotions/adapters/CatalogPromotionAdapter.java","shop-business","experimentalpromotions","com.dsarp.shop.experimentalpromotions.adapters","47","6","0","1","6"
"com.dsarp.shop.experimentalpromotions.adapters.CustomerSegmentAdapter","shop-business/src/main/java/com/dsarp/shop/experimentalpromotions/adapters/CustomerSegmentAdapter.java","shop-business","experimentalpromotions","com.dsarp.shop.experimentalpromotions.adapters","47","6","0","1","6"
"com.dsarp.shop.experimentalpromotions.adapters.PromotionConfigurationAdapter","shop-business/src/main/java/com/dsarp/shop/experimentalpromotions/adapters/PromotionConfigurationAdapter.java","shop-business","experimentalpromotions","com.dsarp.shop.experimentalpromotions.adapters","47","6","0","1","6"
"com.dsarp.shop.experimentalpromotions.adapters.RemoteCampaignSnapshotAdapter","shop-business/src/main/java/com/dsarp/shop/experimentalpromotions/adapters/RemoteCampaignSnapshotAdapter.java","shop-business","experimentalpromotions","com.dsarp.shop.experimentalpromotions.adapters","47","6","0","1","6"
"com.dsarp.shop.experimentalpromotions.api.DiscountPolicy","shop-business/src/main/java/com/dsarp/shop/experimentalpromotions/api/DiscountPolicy.java","shop-business","experimentalpromotions","com.dsarp.shop.experimentalpromotions.api","10","1","24","1","2"
"com.dsarp.shop.experimentalpromotions.engine.ExperimentalPromotionEngine","shop-business/src/main/java/com/dsarp/shop/experimentalpromotions/engine/ExperimentalPromotionEngine.java","shop-business","experimentalpromotions","com.dsarp.shop.experimentalpromotions.engine","47","6","0","1","6"
"com.dsarp.shop.experimentalpromotions.engine.PromotionExperimentRouter","shop-business/src/main/java/com/dsarp/shop/experimentalpromotions/engine/PromotionExperimentRouter.java","shop-business","experimentalpromotions","com.dsarp.shop.experimentalpromotions.engine","47","6","0","1","6"
"com.dsarp.shop.experimentalpromotions.rules.AbandonedCartRecoveryPolicy","shop-business/src/main/java/com/dsarp/shop/experimentalpromotions/rules/AbandonedCartRecoveryPolicy.java","shop-business","experimentalpromotions","com.dsarp.shop.experimentalpromotions.rules","47","6","0","1","6"
"com.dsarp.shop.experimentalpromotions.rules.CategoryBoostPolicy","shop-business/src/main/java/com/dsarp/shop/experimentalpromotions/rules/CategoryBoostPolicy.java","shop-business","experimentalpromotions","com.dsarp.shop.experimentalpromotions.rules","47","6","0","1","6"
"com.dsarp.shop.experimentalpromotions.rules.FlashSaleDiscountPolicy","shop-business/src/main/java/com/dsarp/shop/experimentalpromotions/rules/FlashSaleDiscountPolicy.java","shop-business","experimentalpromotions","com.dsarp.shop.experimentalpromotions.rules","47","6","1","1","6"
"com.dsarp.shop.experimentalpromotions.rules.LoyaltyMultiplierPolicy","shop-business/src/main/java/com/dsarp/shop/experimentalpromotions/rules/LoyaltyMultiplierPolicy.java","shop-business","experimentalpromotions","com.dsarp.shop.experimentalpromotions.rules","47","6","0","1","6"
"com.dsarp.shop.experimentalpromotions.rules.NewCustomerDiscountPolicy","shop-business/src/main/java/com/dsarp/shop/experimentalpromotions/rules/NewCustomerDiscountPolicy.java","shop-business","experimentalpromotions","com.dsarp.shop.experimentalpromotions.rules","47","6","0","1","6"
"com.dsarp.shop.fraud.AccountTakeoverCheckService","shop-business/src/main/java/com/dsarp/shop/fraud/AccountTakeoverCheckService.java","shop-business","fraud","com.dsarp.shop.fraud","124","3","0","1","16"
"com.dsarp.shop.fraud.AddressRiskService","shop-business/src/main/java/com/dsarp/shop/fraud/AddressRiskService.java","shop-business","fraud","com.dsarp.shop.fraud","124","3","0","1","16"
"com.dsarp.shop.fraud.FraudAssessmentService","shop-business/src/main/java/com/dsarp/shop/fraud/FraudAssessmentService.java","shop-business","fraud","com.dsarp.shop.fraud","124","3","0","1","16"
"com.dsarp.shop.fraud.VelocityCheckService","shop-business/src/main/java/com/dsarp/shop/fraud/VelocityCheckService.java","shop-business","fraud","com.dsarp.shop.fraud","124","3","0","1","16"
"com.dsarp.shop.megacomponent.audit.AuditEventWriter","shop-business/src/main/java/com/dsarp/shop/megacomponent/audit/AuditEventWriter.java","shop-business","megacomponent","com.dsarp.shop.megacomponent.audit","124","3","2","1","16"
"com.dsarp.shop.megacomponent.audit.AuditTrailQueryService","shop-business/src/main/java/com/dsarp/shop/megacomponent/audit/AuditTrailQueryService.java","shop-business","megacomponent","com.dsarp.shop.megacomponent.audit","124","3","0","1","16"
"com.dsarp.shop.megacomponent.audit.ComplianceEvidenceCollector","shop-business/src/main/java/com/dsarp/shop/megacomponent/audit/ComplianceEvidenceCollector.java","shop-business","megacomponent","com.dsarp.shop.megacomponent.audit","124","3","0","1","16"
"com.dsarp.shop.megacomponent.audit.InventoryAuditRecorder","shop-business/src/main/java/com/dsarp/shop/megacomponent/audit/InventoryAuditRecorder.java","shop-business","megacomponent","com.dsarp.shop.megacomponent.audit","124","3","0","1","16"
"com.dsarp.shop.megacomponent.audit.OrderAuditAssembler","shop-business/src/main/java/com/dsarp/shop/megacomponent/audit/OrderAuditAssembler.java","shop-business","megacomponent","com.dsarp.shop.megacomponent.audit","124","3","0","1","16"
"com.dsarp.shop.megacomponent.audit.PaymentAuditRecorder","shop-business/src/main/java/com/dsarp/shop/megacomponent/audit/PaymentAuditRecorder.java","shop-business","megacomponent","com.dsarp.shop.megacomponent.audit","124","3","0","1","16"
"com.dsarp.shop.megacomponent.audit.PromotionAuditRecorder","shop-business/src/main/java/com/dsarp/shop/megacomponent/audit/PromotionAuditRecorder.java","shop-business","megacomponent","com.dsarp.shop.megacomponent.audit","124","3","0","1","16"
"com.dsarp.shop.megacomponent.inventory.BackorderDecisionService","shop-business/src/main/java/com/dsarp/shop/megacomponent/inventory/BackorderDecisionService.java","shop-business","megacomponent","com.dsarp.shop.megacomponent.inventory","124","3","0","1","16"
"com.dsarp.shop.megacomponent.inventory.InventoryAvailabilityChecker","shop-business/src/main/java/com/dsarp/shop/megacomponent/inventory/InventoryAvailabilityChecker.java","shop-business","megacomponent","com.dsarp.shop.megacomponent.inventory","124","3","1","1","16"
"com.dsarp.shop.megacomponent.inventory.InventoryReleaseService","shop-business/src/main/java/com/dsarp/shop/megacomponent/inventory/InventoryReleaseService.java","shop-business","megacomponent","com.dsarp.shop.megacomponent.inventory","124","3","0","1","16"
"com.dsarp.shop.megacomponent.inventory.InventoryReservationService","shop-business/src/main/java/com/dsarp/shop/megacomponent/inventory/InventoryReservationService.java","shop-business","megacomponent","com.dsarp.shop.megacomponent.inventory","124","3","2","1","16"
"com.dsarp.shop.megacomponent.inventory.ReservationExpiryService","shop-business/src/main/java/com/dsarp/shop/megacomponent/inventory/ReservationExpiryService.java","shop-business","megacomponent","com.dsarp.shop.megacomponent.inventory","124","3","0","1","16"
"com.dsarp.shop.megacomponent.inventory.StockAllocationPlanner","shop-business/src/main/java/com/dsarp/shop/megacomponent/inventory/StockAllocationPlanner.java","shop-business","megacomponent","com.dsarp.shop.megacomponent.inventory","124","3","0","1","16"
"com.dsarp.shop.megacomponent.inventory.WarehouseSelector","shop-business/src/main/java/com/dsarp/shop/megacomponent/inventory/WarehouseSelector.java","shop-business","megacomponent","com.dsarp.shop.megacomponent.inventory","124","3","0","1","16"
"com.dsarp.shop.megacomponent.notification.DeliveryUpdateNotifier","shop-business/src/main/java/com/dsarp/shop/megacomponent/notification/DeliveryUpdateNotifier.java","shop-business","megacomponent","com.dsarp.shop.megacomponent.notification","124","3","1","1","16"
"com.dsarp.shop.megacomponent.notification.MessageTemplateSelector","shop-business/src/main/java/com/dsarp/shop/megacomponent/notification/MessageTemplateSelector.java","shop-business","megacomponent","com.dsarp.shop.megacomponent.notification","124","3","0","1","16"
"com.dsarp.shop.megacomponent.notification.NotificationComposer","shop-business/src/main/java/com/dsarp/shop/megacomponent/notification/NotificationComposer.java","shop-business","megacomponent","com.dsarp.shop.megacomponent.notification","124","3","1","1","16"
"com.dsarp.shop.megacomponent.notification.NotificationPreferenceResolver","shop-business/src/main/java/com/dsarp/shop/megacomponent/notification/NotificationPreferenceResolver.java","shop-business","megacomponent","com.dsarp.shop.megacomponent.notification","124","3","0","1","16"
"com.dsarp.shop.megacomponent.notification.OrderConfirmationNotifier","shop-business/src/main/java/com/dsarp/shop/megacomponent/notification/OrderConfirmationNotifier.java","shop-business","megacomponent","com.dsarp.shop.megacomponent.notification","124","3","2","1","16"
"com.dsarp.shop.megacomponent.notification.PaymentFailureNotifier","shop-business/src/main/java/com/dsarp/shop/megacomponent/notification/PaymentFailureNotifier.java","shop-business","megacomponent","com.dsarp.shop.megacomponent.notification","124","3","0","1","16"
"com.dsarp.shop.megacomponent.notification.ReturnStatusNotifier","shop-business/src/main/java/com/dsarp/shop/megacomponent/notification/ReturnStatusNotifier.java","shop-business","megacomponent","com.dsarp.shop.megacomponent.notification","124","3","0","1","16"
"com.dsarp.shop.megacomponent.payment.PaymentAuthorizationService","shop-business/src/main/java/com/dsarp/shop/megacomponent/payment/PaymentAuthorizationService.java","shop-business","megacomponent","com.dsarp.shop.megacomponent.payment","124","3","2","1","16"
"com.dsarp.shop.megacomponent.payment.PaymentCaptureService","shop-business/src/main/java/com/dsarp/shop/megacomponent/payment/PaymentCaptureService.java","shop-business","megacomponent","com.dsarp.shop.megacomponent.payment","124","3","0","1","16"
"com.dsarp.shop.megacomponent.payment.PaymentCoordinator","shop-business/src/main/java/com/dsarp/shop/megacomponent/payment/PaymentCoordinator.java","shop-business","megacomponent","com.dsarp.shop.megacomponent.payment","124","3","0","1","16"
"com.dsarp.shop.megacomponent.payment.PaymentMethodSelector","shop-business/src/main/java/com/dsarp/shop/megacomponent/payment/PaymentMethodSelector.java","shop-business","megacomponent","com.dsarp.shop.megacomponent.payment","124","3","0","1","16"
"com.dsarp.shop.megacomponent.payment.PaymentRetryPlanner","shop-business/src/main/java/com/dsarp/shop/megacomponent/payment/PaymentRetryPlanner.java","shop-business","megacomponent","com.dsarp.shop.megacomponent.payment","124","3","0","1","16"
"com.dsarp.shop.megacomponent.payment.PaymentRiskAssessor","shop-business/src/main/java/com/dsarp/shop/megacomponent/payment/PaymentRiskAssessor.java","shop-business","megacomponent","com.dsarp.shop.megacomponent.payment","124","3","1","1","16"
"com.dsarp.shop.megacomponent.payment.RefundCalculationService","shop-business/src/main/java/com/dsarp/shop/megacomponent/payment/RefundCalculationService.java","shop-business","megacomponent","com.dsarp.shop.megacomponent.payment","124","3","0","1","16"
"com.dsarp.shop.megacomponent.promotion.CartThresholdEvaluator","shop-business/src/main/java/com/dsarp/shop/megacomponent/promotion/CartThresholdEvaluator.java","shop-business","megacomponent","com.dsarp.shop.megacomponent.promotion","124","3","0","1","16"
"com.dsarp.shop.megacomponent.promotion.CouponEligibilityChecker","shop-business/src/main/java/com/dsarp/shop/megacomponent/promotion/CouponEligibilityChecker.java","shop-business","megacomponent","com.dsarp.shop.megacomponent.promotion","124","3","0","1","16"
"com.dsarp.shop.megacomponent.promotion.LoyaltyDiscountCalculator","shop-business/src/main/java/com/dsarp/shop/megacomponent/promotion/LoyaltyDiscountCalculator.java","shop-business","megacomponent","com.dsarp.shop.megacomponent.promotion","124","3","0","1","16"
"com.dsarp.shop.megacomponent.promotion.PromotionEvaluator","shop-business/src/main/java/com/dsarp/shop/megacomponent/promotion/PromotionEvaluator.java","shop-business","megacomponent","com.dsarp.shop.megacomponent.promotion","124","3","1","1","16"
"com.dsarp.shop.megacomponent.promotion.PromotionStackingResolver","shop-business/src/main/java/com/dsarp/shop/megacomponent/promotion/PromotionStackingResolver.java","shop-business","megacomponent","com.dsarp.shop.megacomponent.promotion","124","3","0","1","16"
"com.dsarp.shop.megacomponent.promotion.PromotionUsageRecorder","shop-business/src/main/java/com/dsarp/shop/megacomponent/promotion/PromotionUsageRecorder.java","shop-business","megacomponent","com.dsarp.shop.megacomponent.promotion","124","3","0","1","16"
"com.dsarp.shop.megacomponent.promotion.SeasonalOfferSelector","shop-business/src/main/java/com/dsarp/shop/megacomponent/promotion/SeasonalOfferSelector.java","shop-business","megacomponent","com.dsarp.shop.megacomponent.promotion","124","3","0","1","16"
"com.dsarp.shop.megacomponent.reporting.CustomerCohortReporter","shop-business/src/main/java/com/dsarp/shop/megacomponent/reporting/CustomerCohortReporter.java","shop-business","megacomponent","com.dsarp.shop.megacomponent.reporting","124","3","0","1","16"
"com.dsarp.shop.megacomponent.reporting.DeliveryPerformanceReporter","shop-business/src/main/java/com/dsarp/shop/megacomponent/reporting/DeliveryPerformanceReporter.java","shop-business","megacomponent","com.dsarp.shop.megacomponent.reporting","124","3","0","1","16"
"com.dsarp.shop.megacomponent.reporting.InventoryTurnoverReporter","shop-business/src/main/java/com/dsarp/shop/megacomponent/reporting/InventoryTurnoverReporter.java","shop-business","megacomponent","com.dsarp.shop.megacomponent.reporting","124","3","0","1","16"
"com.dsarp.shop.megacomponent.reporting.OrderVolumeAnalyzer","shop-business/src/main/java/com/dsarp/shop/megacomponent/reporting/OrderVolumeAnalyzer.java","shop-business","megacomponent","com.dsarp.shop.megacomponent.reporting","124","3","0","1","16"
"com.dsarp.shop.megacomponent.reporting.PromotionPerformanceReporter","shop-business/src/main/java/com/dsarp/shop/megacomponent/reporting/PromotionPerformanceReporter.java","shop-business","megacomponent","com.dsarp.shop.megacomponent.reporting","124","3","0","1","16"
"com.dsarp.shop.megacomponent.reporting.RevenueSummaryCalculator","shop-business/src/main/java/com/dsarp/shop/megacomponent/reporting/RevenueSummaryCalculator.java","shop-business","megacomponent","com.dsarp.shop.megacomponent.reporting","124","3","0","1","16"
"com.dsarp.shop.megacomponent.reporting.SalesReportGenerator","shop-business/src/main/java/com/dsarp/shop/megacomponent/reporting/SalesReportGenerator.java","shop-business","megacomponent","com.dsarp.shop.megacomponent.reporting","124","3","0","1","16"
"com.dsarp.shop.megacomponent.validation.AddressValidator","shop-business/src/main/java/com/dsarp/shop/megacomponent/validation/AddressValidator.java","shop-business","megacomponent","com.dsarp.shop.megacomponent.validation","124","3","0","1","16"
"com.dsarp.shop.megacomponent.validation.CustomerStatusValidator","shop-business/src/main/java/com/dsarp/shop/megacomponent/validation/CustomerStatusValidator.java","shop-business","megacomponent","com.dsarp.shop.megacomponent.validation","124","3","1","1","16"
"com.dsarp.shop.megacomponent.validation.DeliveryConstraintValidator","shop-business/src/main/java/com/dsarp/shop/megacomponent/validation/DeliveryConstraintValidator.java","shop-business","megacomponent","com.dsarp.shop.megacomponent.validation","124","3","0","1","16"
"com.dsarp.shop.megacomponent.validation.FraudSignalValidator","shop-business/src/main/java/com/dsarp/shop/megacomponent/validation/FraudSignalValidator.java","shop-business","megacomponent","com.dsarp.shop.megacomponent.validation","124","3","0","1","16"
"com.dsarp.shop.megacomponent.validation.OrderLineValidator","shop-business/src/main/java/com/dsarp/shop/megacomponent/validation/OrderLineValidator.java","shop-business","megacomponent","com.dsarp.shop.megacomponent.validation","124","3","0","1","16"
"com.dsarp.shop.megacomponent.validation.OrderValidationCoordinator","shop-business/src/main/java/com/dsarp/shop/megacomponent/validation/OrderValidationCoordinator.java","shop-business","megacomponent","com.dsarp.shop.megacomponent.validation","124","3","2","1","16"
"com.dsarp.shop.megacomponent.validation.PaymentDataValidator","shop-business/src/main/java/com/dsarp/shop/megacomponent/validation/PaymentDataValidator.java","shop-business","megacomponent","com.dsarp.shop.megacomponent.validation","124","3","0","1","16"
"com.dsarp.shop.model.Address","shop-model/src/main/java/com/dsarp/shop/model/Address.java","shop-model","model","com.dsarp.shop.model","10","0","0","1","8"
"com.dsarp.shop.model.AuditEvent","shop-model/src/main/java/com/dsarp/shop/model/AuditEvent.java","shop-model","model","com.dsarp.shop.model","10","0","0","1","7"
"com.dsarp.shop.model.CapabilityDecision","shop-model/src/main/java/com/dsarp/shop/model/CapabilityDecision.java","shop-model","model","com.dsarp.shop.model","26","0","107","1","10"
"com.dsarp.shop.model.CartId","shop-model/src/main/java/com/dsarp/shop/model/CartId.java","shop-model","model","com.dsarp.shop.model","10","0","0","1","5"
"com.dsarp.shop.model.CouponCode","shop-model/src/main/java/com/dsarp/shop/model/CouponCode.java","shop-model","model","com.dsarp.shop.model","10","0","0","1","5"
"com.dsarp.shop.model.CustomerId","shop-model/src/main/java/com/dsarp/shop/model/CustomerId.java","shop-model","model","com.dsarp.shop.model","10","0","1","1","5"
"com.dsarp.shop.model.CustomerProfile","shop-model/src/main/java/com/dsarp/shop/model/CustomerProfile.java","shop-model","model","com.dsarp.shop.model","10","2","0","1","7"
"com.dsarp.shop.model.DeliveryId","shop-model/src/main/java/com/dsarp/shop/model/DeliveryId.java","shop-model","model","com.dsarp.shop.model","10","0","0","1","5"
"com.dsarp.shop.model.DeliveryWindow","shop-model/src/main/java/com/dsarp/shop/model/DeliveryWindow.java","shop-model","model","com.dsarp.shop.model","10","0","0","1","6"
"com.dsarp.shop.model.EmailAddress","shop-model/src/main/java/com/dsarp/shop/model/EmailAddress.java","shop-model","model","com.dsarp.shop.model","10","0","1","1","5"
"com.dsarp.shop.model.InventoryPosition","shop-model/src/main/java/com/dsarp/shop/model/InventoryPosition.java","shop-model","model","com.dsarp.shop.model","10","1","0","1","7"
"com.dsarp.shop.model.Money","shop-model/src/main/java/com/dsarp/shop/model/Money.java","shop-model","model","com.dsarp.shop.model","10","0","4","1","6"
"com.dsarp.shop.model.NotificationMessage","shop-model/src/main/java/com/dsarp/shop/model/NotificationMessage.java","shop-model","model","com.dsarp.shop.model","10","0","0","1","7"
"com.dsarp.shop.model.OrderContext","shop-model/src/main/java/com/dsarp/shop/model/OrderContext.java","shop-model","model","com.dsarp.shop.model","36","0","119","1","13"
"com.dsarp.shop.model.OrderId","shop-model/src/main/java/com/dsarp/shop/model/OrderId.java","shop-model","model","com.dsarp.shop.model","10","0","1","1","5"
"com.dsarp.shop.model.OrderLine","shop-model/src/main/java/com/dsarp/shop/model/OrderLine.java","shop-model","model","com.dsarp.shop.model","10","2","0","1","7"
"com.dsarp.shop.model.PaymentAuthorization","shop-model/src/main/java/com/dsarp/shop/model/PaymentAuthorization.java","shop-model","model","com.dsarp.shop.model","10","1","0","1","7"
"com.dsarp.shop.model.PaymentId","shop-model/src/main/java/com/dsarp/shop/model/PaymentId.java","shop-model","model","com.dsarp.shop.model","10","0","1","1","5"
"com.dsarp.shop.model.ProductId","shop-model/src/main/java/com/dsarp/shop/model/ProductId.java","shop-model","model","com.dsarp.shop.model","10","0","3","1","5"
"com.dsarp.shop.model.ProductSnapshot","shop-model/src/main/java/com/dsarp/shop/model/ProductSnapshot.java","shop-model","model","com.dsarp.shop.model","10","2","0","1","8"
"com.dsarp.shop.model.PromotionAdjustment","shop-model/src/main/java/com/dsarp/shop/model/PromotionAdjustment.java","shop-model","model","com.dsarp.shop.model","10","1","0","1","6"
"com.dsarp.shop.model.ReturnId","shop-model/src/main/java/com/dsarp/shop/model/ReturnId.java","shop-model","model","com.dsarp.shop.model","10","0","1","1","5"
"com.dsarp.shop.model.ReturnRequest","shop-model/src/main/java/com/dsarp/shop/model/ReturnRequest.java","shop-model","model","com.dsarp.shop.model","10","2","0","1","7"
"com.dsarp.shop.model.SalesSnapshot","shop-model/src/main/java/com/dsarp/shop/model/SalesSnapshot.java","shop-model","model","com.dsarp.shop.model","10","1","0","1","7"
"com.dsarp.shop.ordercore.OrderCancellationService","shop-business/src/main/java/com/dsarp/shop/ordercore/OrderCancellationService.java","shop-business","ordercore","com.dsarp.shop.ordercore","85","3","0","1","11"
"com.dsarp.shop.ordercore.OrderCompletionService","shop-business/src/main/java/com/dsarp/shop/ordercore/OrderCompletionService.java","shop-business","ordercore","com.dsarp.shop.ordercore","85","3","0","1","11"
"com.dsarp.shop.ordercore.OrderDecisionService","shop-business/src/main/java/com/dsarp/shop/ordercore/OrderDecisionService.java","shop-business","ordercore","com.dsarp.shop.ordercore","85","3","0","1","11"
"com.dsarp.shop.ordercore.OrderFactory","shop-business/src/main/java/com/dsarp/shop/ordercore/OrderFactory.java","shop-business","ordercore","com.dsarp.shop.ordercore","85","3","0","1","11"
"com.dsarp.shop.ordercore.OrderHistoryService","shop-business/src/main/java/com/dsarp/shop/ordercore/OrderHistoryService.java","shop-business","ordercore","com.dsarp.shop.ordercore","85","3","0","1","11"
"com.dsarp.shop.ordercore.OrderIdentityService","shop-business/src/main/java/com/dsarp/shop/ordercore/OrderIdentityService.java","shop-business","ordercore","com.dsarp.shop.ordercore","85","3","0","1","11"
"com.dsarp.shop.ordercore.OrderLifecycleService","shop-business/src/main/java/com/dsarp/shop/ordercore/OrderLifecycleService.java","shop-business","ordercore","com.dsarp.shop.ordercore","85","3","0","1","11"
"com.dsarp.shop.ordercore.OrderLinePolicy","shop-business/src/main/java/com/dsarp/shop/ordercore/OrderLinePolicy.java","shop-business","ordercore","com.dsarp.shop.ordercore","85","3","0","1","11"
"com.dsarp.shop.ordercore.OrderPricingService","shop-business/src/main/java/com/dsarp/shop/ordercore/OrderPricingService.java","shop-business","ordercore","com.dsarp.shop.ordercore","85","3","0","1","11"
"com.dsarp.shop.ordercore.OrderStateMachine","shop-business/src/main/java/com/dsarp/shop/ordercore/OrderStateMachine.java","shop-business","ordercore","com.dsarp.shop.ordercore","85","3","0","1","11"
"com.dsarp.shop.ordercore.OrderSubmissionService","shop-business/src/main/java/com/dsarp/shop/ordercore/OrderSubmissionService.java","shop-business","ordercore","com.dsarp.shop.ordercore","85","3","1","1","11"
"com.dsarp.shop.ordercore.OrderTotalCalculator","shop-business/src/main/java/com/dsarp/shop/ordercore/OrderTotalCalculator.java","shop-business","ordercore","com.dsarp.shop.ordercore","85","3","0","1","11"
"com.dsarp.shop.returns.ReturnAuthorizationService","shop-business/src/main/java/com/dsarp/shop/returns/ReturnAuthorizationService.java","shop-business","returns","com.dsarp.shop.returns","124","3","0","1","16"
"com.dsarp.shop.returns.ReturnEligibilityService","shop-business/src/main/java/com/dsarp/shop/returns/ReturnEligibilityService.java","shop-business","returns","com.dsarp.shop.returns","124","3","0","1","16"
"com.dsarp.shop.returns.ReturnInspectionService","shop-business/src/main/java/com/dsarp/shop/returns/ReturnInspectionService.java","shop-business","returns","com.dsarp.shop.returns","124","3","0","1","16"
"com.dsarp.shop.returns.ReturnResolutionService","shop-business/src/main/java/com/dsarp/shop/returns/ReturnResolutionService.java","shop-business","returns","com.dsarp.shop.returns","124","3","0","1","16"
"com.dsarp.shop.shared.AbstractBusinessCapability","shop-business/src/main/java/com/dsarp/shop/shared/AbstractBusinessCapability.java","shop-business","shared","com.dsarp.shop.shared","77","3","77","1","9"
"com.dsarp.shop.shared.BusinessCapability","shop-business/src/main/java/com/dsarp/shop/shared/BusinessCapability.java","shop-business","shared","com.dsarp.shop.shared","10","2","1","1","2"
"com.dsarp.shop.utilities.BusinessClockService","shop-business/src/main/java/com/dsarp/shop/utilities/BusinessClockService.java","shop-business","utilities","com.dsarp.shop.utilities","124","3","11","1","16"
"com.dsarp.shop.utilities.ReferenceGenerationService","shop-business/src/main/java/com/dsarp/shop/utilities/ReferenceGenerationService.java","shop-business","utilities","com.dsarp.shop.utilities","124","3","0","1","16"
