"source","target"
"com.dsarp.shop.adapters.audit.InMemoryAuditStore","com.dsarp.shop.megacomponent.audit.AuditEventWriter"
"com.dsarp.shop.adapters.audit.InMemoryAuditStore","com.dsarp.shop.model.CapabilityDecision"
"com.dsarp.shop.adapters.audit.InMemoryAuditStore","com.dsarp.shop.model.OrderContext"
"com.dsarp.shop.adapters.delivery.InMemoryDeliveryGateway","com.dsarp.shop.megacomponent.notification.DeliveryUpdateNotifier"
"com.dsarp.shop.adapters.delivery.InMemoryDeliveryGateway","com.dsarp.shop.model.CapabilityDecision"
"com.dsarp.shop.adapters.delivery.InMemoryDeliveryGateway","com.dsarp.shop.model.OrderContext"
"com.dsarp.shop.adapters.notification.ConsoleNotificationAdapter","com.dsarp.shop.megacomponent.notification.NotificationComposer"
"com.dsarp.shop.adapters.notification.ConsoleNotificationAdapter","com.dsarp.shop.model.CapabilityDecision"
"com.dsarp.shop.adapters.notification.ConsoleNotificationAdapter","com.dsarp.shop.model.OrderContext"
"com.dsarp.shop.adapters.notification.RecordingNotificationAdapter","com.dsarp.shop.megacomponent.notification.OrderConfirmationNotifier"
"com.dsarp.shop.adapters.notification.RecordingNotificationAdapter","com.dsarp.shop.model.CapabilityDecision"
"com.dsarp.shop.adapters.notification.RecordingNotificationAdapter","com.dsarp.shop.model.OrderContext"
"com.dsarp.shop.adapters.payment.DeterministicFraudGateway","com.dsarp.shop.megacomponent.payment.PaymentRiskAssessor"
"com.dsarp.shop.adapters.payment.DeterministicFraudGateway","com.dsarp.shop.model.CapabilityDecision"
"com.dsarp.shop.adapters.payment.DeterministicFraudGateway","com.dsarp.shop.model.OrderContext"
"com.dsarp.shop.adapters.payment.InMemoryPaymentGateway","com.dsarp.shop.megacomponent.payment.PaymentAuthorizationService"
"com.dsarp.shop.adapters.payment.InMemoryPaymentGateway","com.dsarp.shop.model.CapabilityDecision"
"com.dsarp.shop.adapters.payment.InMemoryPaymentGateway","com.dsarp.shop.model.OrderContext"
"com.dsarp.shop.adapters.repository.InMemoryCatalogRepository","com.dsarp.shop.megacomponent.inventory.InventoryAvailabilityChecker"
"com.dsarp.shop.adapters.repository.InMemoryCatalogRepository","com.dsarp.shop.model.CapabilityDecision"
"com.dsarp.shop.adapters.repository.InMemoryCatalogRepository","com.dsarp.shop.model.OrderContext"
"com.dsarp.shop.adapters.repository.InMemoryCustomerRepository","com.dsarp.shop.megacomponent.validation.CustomerStatusValidator"
"com.dsarp.shop.adapters.repository.InMemoryCustomerRepository","com.dsarp.shop.model.CapabilityDecision"
"com.dsarp.shop.adapters.repository.InMemoryCustomerRepository","com.dsarp.shop.model.OrderContext"
"com.dsarp.shop.adapters.repository.InMemoryInventoryRepository","com.dsarp.shop.megacomponent.inventory.InventoryReservationService"
"com.dsarp.shop.adapters.repository.InMemoryInventoryRepository","com.dsarp.shop.model.CapabilityDecision"
"com.dsarp.shop.adapters.repository.InMemoryInventoryRepository","com.dsarp.shop.model.OrderContext"
"com.dsarp.shop.adapters.repository.InMemoryOrderRepository","com.dsarp.shop.megacomponent.validation.OrderValidationCoordinator"
"com.dsarp.shop.adapters.repository.InMemoryOrderRepository","com.dsarp.shop.model.CapabilityDecision"
"com.dsarp.shop.adapters.repository.InMemoryOrderRepository","com.dsarp.shop.model.OrderContext"
"com.dsarp.shop.application.CartUseCase","com.dsarp.shop.application.OrderWorkflow"
"com.dsarp.shop.application.CartUseCase","com.dsarp.shop.model.CapabilityDecision"
"com.dsarp.shop.application.CartUseCase","com.dsarp.shop.model.OrderContext"
"com.dsarp.shop.application.CatalogUseCase","com.dsarp.shop.application.OrderWorkflow"
"com.dsarp.shop.application.CatalogUseCase","com.dsarp.shop.model.CapabilityDecision"
"com.dsarp.shop.application.CatalogUseCase","com.dsarp.shop.model.OrderContext"
"com.dsarp.shop.application.CustomerUseCase","com.dsarp.shop.application.OrderWorkflow"
"com.dsarp.shop.application.CustomerUseCase","com.dsarp.shop.model.CapabilityDecision"
"com.dsarp.shop.application.CustomerUseCase","com.dsarp.shop.model.OrderContext"
"com.dsarp.shop.application.OrderWorkflow","com.dsarp.shop.experimentalpromotions.api.DiscountPolicy"
"com.dsarp.shop.application.OrderWorkflow","com.dsarp.shop.experimentalpromotions.rules.FlashSaleDiscountPolicy"
"com.dsarp.shop.application.OrderWorkflow","com.dsarp.shop.megacomponent.audit.AuditEventWriter"
"com.dsarp.shop.application.OrderWorkflow","com.dsarp.shop.megacomponent.inventory.InventoryReservationService"
"com.dsarp.shop.application.OrderWorkflow","com.dsarp.shop.megacomponent.notification.OrderConfirmationNotifier"
"com.dsarp.shop.application.OrderWorkflow","com.dsarp.shop.megacomponent.payment.PaymentAuthorizationService"
"com.dsarp.shop.application.OrderWorkflow","com.dsarp.shop.megacomponent.promotion.PromotionEvaluator"
"com.dsarp.shop.application.OrderWorkflow","com.dsarp.shop.megacomponent.validation.OrderValidationCoordinator"
"com.dsarp.shop.application.OrderWorkflow","com.dsarp.shop.model.CapabilityDecision"
"com.dsarp.shop.application.OrderWorkflow","com.dsarp.shop.model.OrderContext"
"com.dsarp.shop.application.OrderWorkflow","com.dsarp.shop.ordercore.OrderSubmissionService"
"com.dsarp.shop.application.ReturnUseCase","com.dsarp.shop.application.OrderWorkflow"
"com.dsarp.shop.application.ReturnUseCase","com.dsarp.shop.model.CapabilityDecision"
"com.dsarp.shop.application.ReturnUseCase","com.dsarp.shop.model.OrderContext"
"com.dsarp.shop.application.ShopApplication","com.dsarp.shop.application.OrderWorkflow"
"com.dsarp.shop.application.ShopApplication","com.dsarp.shop.model.CapabilityDecision"
"com.dsarp.shop.application.ShopApplication","com.dsarp.shop.model.OrderContext"
"com.dsarp.shop.cart.CartAbandonmentService","com.dsarp.shop.model.CapabilityDecision"
"com.dsarp.shop.cart.CartAbandonmentService","com.dsarp.shop.model.OrderContext"
"com.dsarp.shop.cart.CartAbandonmentService","com.dsarp.shop.shared.AbstractBusinessCapability"
"com.dsarp.shop.cart.CartCreationService","com.dsarp.shop.model.CapabilityDecision"
"com.dsarp.shop.cart.CartCreationService","com.dsarp.shop.model.OrderContext"
"com.dsarp.shop.cart.CartCreationService","com.dsarp.shop.shared.AbstractBusinessCapability"
"com.dsarp.shop.cart.CartLineService","com.dsarp.shop.model.CapabilityDecision"
"com.dsarp.shop.cart.CartLineService","com.dsarp.shop.model.OrderContext"
"com.dsarp.shop.cart.CartLineService","com.dsarp.shop.shared.AbstractBusinessCapability"
"com.dsarp.shop.cart.CartPricingService","com.dsarp.shop.model.CapabilityDecision"
"com.dsarp.shop.cart.CartPricingService","com.dsarp.shop.model.OrderContext"
"com.dsarp.shop.cart.CartPricingService","com.dsarp.shop.shared.AbstractBusinessCapability"
"com.dsarp.shop.catalog.CatalogSearchService","com.dsarp.shop.model.CapabilityDecision"
"com.dsarp.shop.catalog.CatalogSearchService","com.dsarp.shop.model.OrderContext"
"com.dsarp.shop.catalog.CatalogSearchService","com.dsarp.shop.shared.AbstractBusinessCapability"
"com.dsarp.shop.catalog.CategoryNavigationService","com.dsarp.shop.model.CapabilityDecision"
"com.dsarp.shop.catalog.CategoryNavigationService","com.dsarp.shop.model.OrderContext"
"com.dsarp.shop.catalog.CategoryNavigationService","com.dsarp.shop.shared.AbstractBusinessCapability"
"com.dsarp.shop.catalog.ProductAvailabilityService","com.dsarp.shop.model.CapabilityDecision"
"com.dsarp.shop.catalog.ProductAvailabilityService","com.dsarp.shop.model.OrderContext"
"com.dsarp.shop.catalog.ProductAvailabilityService","com.dsarp.shop.shared.AbstractBusinessCapability"
"com.dsarp.shop.catalog.ProductPricingService","com.dsarp.shop.model.CapabilityDecision"
"com.dsarp.shop.catalog.ProductPricingService","com.dsarp.shop.model.OrderContext"
"com.dsarp.shop.catalog.ProductPricingService","com.dsarp.shop.shared.AbstractBusinessCapability"
"com.dsarp.shop.configuration.FeatureConfigurationService","com.dsarp.shop.model.CapabilityDecision"
"com.dsarp.shop.configuration.FeatureConfigurationService","com.dsarp.shop.model.OrderContext"
"com.dsarp.shop.configuration.FeatureConfigurationService","com.dsarp.shop.shared.AbstractBusinessCapability"
"com.dsarp.shop.configuration.PolicyConfigurationService","com.dsarp.shop.model.CapabilityDecision"
"com.dsarp.shop.configuration.PolicyConfigurationService","com.dsarp.shop.model.OrderContext"
"com.dsarp.shop.configuration.PolicyConfigurationService","com.dsarp.shop.shared.AbstractBusinessCapability"
"com.dsarp.shop.customer.CustomerConsentService","com.dsarp.shop.model.CapabilityDecision"
"com.dsarp.shop.customer.CustomerConsentService","com.dsarp.shop.model.OrderContext"
"com.dsarp.shop.customer.CustomerConsentService","com.dsarp.shop.shared.AbstractBusinessCapability"
"com.dsarp.shop.customer.CustomerProfileService","com.dsarp.shop.model.CapabilityDecision"
"com.dsarp.shop.customer.CustomerProfileService","com.dsarp.shop.model.OrderContext"
"com.dsarp.shop.customer.CustomerProfileService","com.dsarp.shop.shared.AbstractBusinessCapability"
"com.dsarp.shop.customer.CustomerRegistrationService","com.dsarp.shop.model.CapabilityDecision"
"com.dsarp.shop.customer.CustomerRegistrationService","com.dsarp.shop.model.OrderContext"
"com.dsarp.shop.customer.CustomerRegistrationService","com.dsarp.shop.shared.AbstractBusinessCapability"
"com.dsarp.shop.customer.CustomerTierService","com.dsarp.shop.model.CapabilityDecision"
"com.dsarp.shop.customer.CustomerTierService","com.dsarp.shop.model.OrderContext"
"com.dsarp.shop.customer.CustomerTierService","com.dsarp.shop.shared.AbstractBusinessCapability"
"com.dsarp.shop.delivery.DeliveryExceptionService","com.dsarp.shop.model.CapabilityDecision"
"com.dsarp.shop.delivery.DeliveryExceptionService","com.dsarp.shop.model.OrderContext"
"com.dsarp.shop.delivery.DeliveryExceptionService","com.dsarp.shop.shared.AbstractBusinessCapability"
"com.dsarp.shop.delivery.DeliveryQuoteService","com.dsarp.shop.model.CapabilityDecision"
"com.dsarp.shop.delivery.DeliveryQuoteService","com.dsarp.shop.model.OrderContext"
"com.dsarp.shop.delivery.DeliveryQuoteService","com.dsarp.shop.shared.AbstractBusinessCapability"
"com.dsarp.shop.delivery.DeliverySchedulingService","com.dsarp.shop.model.CapabilityDecision"
"com.dsarp.shop.delivery.DeliverySchedulingService","com.dsarp.shop.model.OrderContext"
"com.dsarp.shop.delivery.DeliverySchedulingService","com.dsarp.shop.shared.AbstractBusinessCapability"
"com.dsarp.shop.delivery.DeliveryTrackingService","com.dsarp.shop.model.CapabilityDecision"
"com.dsarp.shop.delivery.DeliveryTrackingService","com.dsarp.shop.model.OrderContext"
"com.dsarp.shop.delivery.DeliveryTrackingService","com.dsarp.shop.shared.AbstractBusinessCapability"
"com.dsarp.shop.experimentalpromotions.adapters.CatalogPromotionAdapter","com.dsarp.shop.catalog.ProductPricingService"
"com.dsarp.shop.experimentalpromotions.adapters.CatalogPromotionAdapter","com.dsarp.shop.configuration.FeatureConfigurationService"
"com.dsarp.shop.experimentalpromotions.adapters.CatalogPromotionAdapter","com.dsarp.shop.customer.CustomerTierService"
"com.dsarp.shop.experimentalpromotions.adapters.CatalogPromotionAdapter","com.dsarp.shop.experimentalpromotions.api.DiscountPolicy"
"com.dsarp.shop.experimentalpromotions.adapters.CatalogPromotionAdapter","com.dsarp.shop.model.OrderContext"
"com.dsarp.shop.experimentalpromotions.adapters.CatalogPromotionAdapter","com.dsarp.shop.utilities.BusinessClockService"
"com.dsarp.shop.experimentalpromotions.adapters.CustomerSegmentAdapter","com.dsarp.shop.catalog.ProductPricingService"
"com.dsarp.shop.experimentalpromotions.adapters.CustomerSegmentAdapter","com.dsarp.shop.configuration.FeatureConfigurationService"
"com.dsarp.shop.experimentalpromotions.adapters.CustomerSegmentAdapter","com.dsarp.shop.customer.CustomerTierService"
"com.dsarp.shop.experimentalpromotions.adapters.CustomerSegmentAdapter","com.dsarp.shop.experimentalpromotions.api.DiscountPolicy"
"com.dsarp.shop.experimentalpromotions.adapters.CustomerSegmentAdapter","com.dsarp.shop.model.OrderContext"
"com.dsarp.shop.experimentalpromotions.adapters.CustomerSegmentAdapter","com.dsarp.shop.utilities.BusinessClockService"
"com.dsarp.shop.experimentalpromotions.adapters.PromotionConfigurationAdapter","com.dsarp.shop.catalog.ProductPricingService"
"com.dsarp.shop.experimentalpromotions.adapters.PromotionConfigurationAdapter","com.dsarp.shop.configuration.FeatureConfigurationService"
"com.dsarp.shop.experimentalpromotions.adapters.PromotionConfigurationAdapter","com.dsarp.shop.customer.CustomerTierService"
"com.dsarp.shop.experimentalpromotions.adapters.PromotionConfigurationAdapter","com.dsarp.shop.experimentalpromotions.api.DiscountPolicy"
"com.dsarp.shop.experimentalpromotions.adapters.PromotionConfigurationAdapter","com.dsarp.shop.model.OrderContext"
"com.dsarp.shop.experimentalpromotions.adapters.PromotionConfigurationAdapter","com.dsarp.shop.utilities.BusinessClockService"
"com.dsarp.shop.experimentalpromotions.adapters.RemoteCampaignSnapshotAdapter","com.dsarp.shop.catalog.ProductPricingService"
"com.dsarp.shop.experimentalpromotions.adapters.RemoteCampaignSnapshotAdapter","com.dsarp.shop.configuration.FeatureConfigurationService"
"com.dsarp.shop.experimentalpromotions.adapters.RemoteCampaignSnapshotAdapter","com.dsarp.shop.customer.CustomerTierService"
"com.dsarp.shop.experimentalpromotions.adapters.RemoteCampaignSnapshotAdapter","com.dsarp.shop.experimentalpromotions.api.DiscountPolicy"
"com.dsarp.shop.experimentalpromotions.adapters.RemoteCampaignSnapshotAdapter","com.dsarp.shop.model.OrderContext"
"com.dsarp.shop.experimentalpromotions.adapters.RemoteCampaignSnapshotAdapter","com.dsarp.shop.utilities.BusinessClockService"
"com.dsarp.shop.experimentalpromotions.api.DiscountPolicy","com.dsarp.shop.model.OrderContext"
"com.dsarp.shop.experimentalpromotions.engine.ExperimentalPromotionEngine","com.dsarp.shop.catalog.ProductPricingService"
"com.dsarp.shop.experimentalpromotions.engine.ExperimentalPromotionEngine","com.dsarp.shop.configuration.FeatureConfigurationService"
"com.dsarp.shop.experimentalpromotions.engine.ExperimentalPromotionEngine","com.dsarp.shop.customer.CustomerTierService"
"com.dsarp.shop.experimentalpromotions.engine.ExperimentalPromotionEngine","com.dsarp.shop.experimentalpromotions.api.DiscountPolicy"
"com.dsarp.shop.experimentalpromotions.engine.ExperimentalPromotionEngine","com.dsarp.shop.model.OrderContext"
"com.dsarp.shop.experimentalpromotions.engine.ExperimentalPromotionEngine","com.dsarp.shop.utilities.BusinessClockService"
"com.dsarp.shop.experimentalpromotions.engine.PromotionExperimentRouter","com.dsarp.shop.catalog.ProductPricingService"
"com.dsarp.shop.experimentalpromotions.engine.PromotionExperimentRouter","com.dsarp.shop.configuration.FeatureConfigurationService"
"com.dsarp.shop.experimentalpromotions.engine.PromotionExperimentRouter","com.dsarp.shop.customer.CustomerTierService"
"com.dsarp.shop.experimentalpromotions.engine.PromotionExperimentRouter","com.dsarp.shop.experimentalpromotions.api.DiscountPolicy"
"com.dsarp.shop.experimentalpromotions.engine.PromotionExperimentRouter","com.dsarp.shop.model.OrderContext"
"com.dsarp.shop.experimentalpromotions.engine.PromotionExperimentRouter","com.dsarp.shop.utilities.BusinessClockService"
"com.dsarp.shop.experimentalpromotions.rules.AbandonedCartRecoveryPolicy","com.dsarp.shop.catalog.ProductPricingService"
"com.dsarp.shop.experimentalpromotions.rules.AbandonedCartRecoveryPolicy","com.dsarp.shop.configuration.FeatureConfigurationService"
"com.dsarp.shop.experimentalpromotions.rules.AbandonedCartRecoveryPolicy","com.dsarp.shop.customer.CustomerTierService"
"com.dsarp.shop.experimentalpromotions.rules.AbandonedCartRecoveryPolicy","com.dsarp.shop.experimentalpromotions.api.DiscountPolicy"
"com.dsarp.shop.experimentalpromotions.rules.AbandonedCartRecoveryPolicy","com.dsarp.shop.model.OrderContext"
"com.dsarp.shop.experimentalpromotions.rules.AbandonedCartRecoveryPolicy","com.dsarp.shop.utilities.BusinessClockService"
"com.dsarp.shop.experimentalpromotions.rules.CategoryBoostPolicy","com.dsarp.shop.catalog.ProductPricingService"
"com.dsarp.shop.experimentalpromotions.rules.CategoryBoostPolicy","com.dsarp.shop.configuration.FeatureConfigurationService"
"com.dsarp.shop.experimentalpromotions.rules.CategoryBoostPolicy","com.dsarp.shop.customer.CustomerTierService"
"com.dsarp.shop.experimentalpromotions.rules.CategoryBoostPolicy","com.dsarp.shop.experimentalpromotions.api.DiscountPolicy"
"com.dsarp.shop.experimentalpromotions.rules.CategoryBoostPolicy","com.dsarp.shop.model.OrderContext"
"com.dsarp.shop.experimentalpromotions.rules.CategoryBoostPolicy","com.dsarp.shop.utilities.BusinessClockService"
"com.dsarp.shop.experimentalpromotions.rules.FlashSaleDiscountPolicy","com.dsarp.shop.catalog.ProductPricingService"
"com.dsarp.shop.experimentalpromotions.rules.FlashSaleDiscountPolicy","com.dsarp.shop.configuration.FeatureConfigurationService"
"com.dsarp.shop.experimentalpromotions.rules.FlashSaleDiscountPolicy","com.dsarp.shop.customer.CustomerTierService"
"com.dsarp.shop.experimentalpromotions.rules.FlashSaleDiscountPolicy","com.dsarp.shop.experimentalpromotions.api.DiscountPolicy"
"com.dsarp.shop.experimentalpromotions.rules.FlashSaleDiscountPolicy","com.dsarp.shop.model.OrderContext"
"com.dsarp.shop.experimentalpromotions.rules.FlashSaleDiscountPolicy","com.dsarp.shop.utilities.BusinessClockService"
"com.dsarp.shop.experimentalpromotions.rules.LoyaltyMultiplierPolicy","com.dsarp.shop.catalog.ProductPricingService"
"com.dsarp.shop.experimentalpromotions.rules.LoyaltyMultiplierPolicy","com.dsarp.shop.configuration.FeatureConfigurationService"
"com.dsarp.shop.experimentalpromotions.rules.LoyaltyMultiplierPolicy","com.dsarp.shop.customer.CustomerTierService"
"com.dsarp.shop.experimentalpromotions.rules.LoyaltyMultiplierPolicy","com.dsarp.shop.experimentalpromotions.api.DiscountPolicy"
"com.dsarp.shop.experimentalpromotions.rules.LoyaltyMultiplierPolicy","com.dsarp.shop.model.OrderContext"
"com.dsarp.shop.experimentalpromotions.rules.LoyaltyMultiplierPolicy","com.dsarp.shop.utilities.BusinessClockService"
"com.dsarp.shop.experimentalpromotions.rules.NewCustomerDiscountPolicy","com.dsarp.shop.catalog.ProductPricingService"
"com.dsarp.shop.experimentalpromotions.rules.NewCustomerDiscountPolicy","com.dsarp.shop.configuration.FeatureConfigurationService"
"com.dsarp.shop.experimentalpromotions.rules.NewCustomerDiscountPolicy","com.dsarp.shop.customer.CustomerTierService"
"com.dsarp.shop.experimentalpromotions.rules.NewCustomerDiscountPolicy","com.dsarp.shop.experimentalpromotions.api.DiscountPolicy"
"com.dsarp.shop.experimentalpromotions.rules.NewCustomerDiscountPolicy","com.dsarp.shop.model.OrderContext"
"com.dsarp.shop.experimentalpromotions.rules.NewCustomerDiscountPolicy","com.dsarp.shop.utilities.BusinessClockService"
"com.dsarp.shop.fraud.AccountTakeoverCheckService","com.dsarp.shop.model.CapabilityDecision"
"com.dsarp.shop.fraud.AccountTakeoverCheckService","com.dsarp.shop.model.OrderContext"
"com.dsarp.shop.fraud.AccountTakeoverCheckService","com.dsarp.shop.shared.AbstractBusinessCapability"
"com.dsarp.shop.fraud.AddressRiskService","com.dsarp.shop.model.CapabilityDecision"
"com.dsarp.shop.fraud.AddressRiskService","com.dsarp.shop.model.OrderContext"
"com.dsarp.shop.fraud.AddressRiskService","com.dsarp.shop.shared.AbstractBusinessCapability"
"com.dsarp.shop.fraud.FraudAssessmentService","com.dsarp.shop.model.CapabilityDecision"
"com.dsarp.shop.fraud.FraudAssessmentService","com.dsarp.shop.model.OrderContext"
"com.dsarp.shop.fraud.FraudAssessmentService","com.dsarp.shop.shared.AbstractBusinessCapability"
"com.dsarp.shop.fraud.VelocityCheckService","com.dsarp.shop.model.CapabilityDecision"
"com.dsarp.shop.fraud.VelocityCheckService","com.dsarp.shop.model.OrderContext"
"com.dsarp.shop.fraud.VelocityCheckService","com.dsarp.shop.shared.AbstractBusinessCapability"
"com.dsarp.shop.megacomponent.audit.AuditEventWriter","com.dsarp.shop.model.CapabilityDecision"
"com.dsarp.shop.megacomponent.audit.AuditEventWriter","com.dsarp.shop.model.OrderContext"
"com.dsarp.shop.megacomponent.audit.AuditEventWriter","com.dsarp.shop.shared.AbstractBusinessCapability"
"com.dsarp.shop.megacomponent.audit.AuditTrailQueryService","com.dsarp.shop.model.CapabilityDecision"
"com.dsarp.shop.megacomponent.audit.AuditTrailQueryService","com.dsarp.shop.model.OrderContext"
"com.dsarp.shop.megacomponent.audit.AuditTrailQueryService","com.dsarp.shop.shared.AbstractBusinessCapability"
"com.dsarp.shop.megacomponent.audit.ComplianceEvidenceCollector","com.dsarp.shop.model.CapabilityDecision"
"com.dsarp.shop.megacomponent.audit.ComplianceEvidenceCollector","com.dsarp.shop.model.OrderContext"
"com.dsarp.shop.megacomponent.audit.ComplianceEvidenceCollector","com.dsarp.shop.shared.AbstractBusinessCapability"
"com.dsarp.shop.megacomponent.audit.InventoryAuditRecorder","com.dsarp.shop.model.CapabilityDecision"
"com.dsarp.shop.megacomponent.audit.InventoryAuditRecorder","com.dsarp.shop.model.OrderContext"
"com.dsarp.shop.megacomponent.audit.InventoryAuditRecorder","com.dsarp.shop.shared.AbstractBusinessCapability"
"com.dsarp.shop.megacomponent.audit.OrderAuditAssembler","com.dsarp.shop.model.CapabilityDecision"
"com.dsarp.shop.megacomponent.audit.OrderAuditAssembler","com.dsarp.shop.model.OrderContext"
"com.dsarp.shop.megacomponent.audit.OrderAuditAssembler","com.dsarp.shop.shared.AbstractBusinessCapability"
"com.dsarp.shop.megacomponent.audit.PaymentAuditRecorder","com.dsarp.shop.model.CapabilityDecision"
"com.dsarp.shop.megacomponent.audit.PaymentAuditRecorder","com.dsarp.shop.model.OrderContext"
"com.dsarp.shop.megacomponent.audit.PaymentAuditRecorder","com.dsarp.shop.shared.AbstractBusinessCapability"
"com.dsarp.shop.megacomponent.audit.PromotionAuditRecorder","com.dsarp.shop.model.CapabilityDecision"
"com.dsarp.shop.megacomponent.audit.PromotionAuditRecorder","com.dsarp.shop.model.OrderContext"
"com.dsarp.shop.megacomponent.audit.PromotionAuditRecorder","com.dsarp.shop.shared.AbstractBusinessCapability"
"com.dsarp.shop.megacomponent.inventory.BackorderDecisionService","com.dsarp.shop.model.CapabilityDecision"
"com.dsarp.shop.megacomponent.inventory.BackorderDecisionService","com.dsarp.shop.model.OrderContext"
"com.dsarp.shop.megacomponent.inventory.BackorderDecisionService","com.dsarp.shop.shared.AbstractBusinessCapability"
"com.dsarp.shop.megacomponent.inventory.InventoryAvailabilityChecker","com.dsarp.shop.model.CapabilityDecision"
"com.dsarp.shop.megacomponent.inventory.InventoryAvailabilityChecker","com.dsarp.shop.model.OrderContext"
"com.dsarp.shop.megacomponent.inventory.InventoryAvailabilityChecker","com.dsarp.shop.shared.AbstractBusinessCapability"
"com.dsarp.shop.megacomponent.inventory.InventoryReleaseService","com.dsarp.shop.model.CapabilityDecision"
"com.dsarp.shop.megacomponent.inventory.InventoryReleaseService","com.dsarp.shop.model.OrderContext"
"com.dsarp.shop.megacomponent.inventory.InventoryReleaseService","com.dsarp.shop.shared.AbstractBusinessCapability"
"com.dsarp.shop.megacomponent.inventory.InventoryReservationService","com.dsarp.shop.model.CapabilityDecision"
"com.dsarp.shop.megacomponent.inventory.InventoryReservationService","com.dsarp.shop.model.OrderContext"
"com.dsarp.shop.megacomponent.inventory.InventoryReservationService","com.dsarp.shop.shared.AbstractBusinessCapability"
"com.dsarp.shop.megacomponent.inventory.ReservationExpiryService","com.dsarp.shop.model.CapabilityDecision"
"com.dsarp.shop.megacomponent.inventory.ReservationExpiryService","com.dsarp.shop.model.OrderContext"
"com.dsarp.shop.megacomponent.inventory.ReservationExpiryService","com.dsarp.shop.shared.AbstractBusinessCapability"
"com.dsarp.shop.megacomponent.inventory.StockAllocationPlanner","com.dsarp.shop.model.CapabilityDecision"
"com.dsarp.shop.megacomponent.inventory.StockAllocationPlanner","com.dsarp.shop.model.OrderContext"
"com.dsarp.shop.megacomponent.inventory.StockAllocationPlanner","com.dsarp.shop.shared.AbstractBusinessCapability"
"com.dsarp.shop.megacomponent.inventory.WarehouseSelector","com.dsarp.shop.model.CapabilityDecision"
"com.dsarp.shop.megacomponent.inventory.WarehouseSelector","com.dsarp.shop.model.OrderContext"
"com.dsarp.shop.megacomponent.inventory.WarehouseSelector","com.dsarp.shop.shared.AbstractBusinessCapability"
"com.dsarp.shop.megacomponent.notification.DeliveryUpdateNotifier","com.dsarp.shop.model.CapabilityDecision"
"com.dsarp.shop.megacomponent.notification.DeliveryUpdateNotifier","com.dsarp.shop.model.OrderContext"
"com.dsarp.shop.megacomponent.notification.DeliveryUpdateNotifier","com.dsarp.shop.shared.AbstractBusinessCapability"
"com.dsarp.shop.megacomponent.notification.MessageTemplateSelector","com.dsarp.shop.model.CapabilityDecision"
"com.dsarp.shop.megacomponent.notification.MessageTemplateSelector","com.dsarp.shop.model.OrderContext"
"com.dsarp.shop.megacomponent.notification.MessageTemplateSelector","com.dsarp.shop.shared.AbstractBusinessCapability"
"com.dsarp.shop.megacomponent.notification.NotificationComposer","com.dsarp.shop.model.CapabilityDecision"
"com.dsarp.shop.megacomponent.notification.NotificationComposer","com.dsarp.shop.model.OrderContext"
"com.dsarp.shop.megacomponent.notification.NotificationComposer","com.dsarp.shop.shared.AbstractBusinessCapability"
"com.dsarp.shop.megacomponent.notification.NotificationPreferenceResolver","com.dsarp.shop.model.CapabilityDecision"
"com.dsarp.shop.megacomponent.notification.NotificationPreferenceResolver","com.dsarp.shop.model.OrderContext"
"com.dsarp.shop.megacomponent.notification.NotificationPreferenceResolver","com.dsarp.shop.shared.AbstractBusinessCapability"
"com.dsarp.shop.megacomponent.notification.OrderConfirmationNotifier","com.dsarp.shop.model.CapabilityDecision"
"com.dsarp.shop.megacomponent.notification.OrderConfirmationNotifier","com.dsarp.shop.model.OrderContext"
"com.dsarp.shop.megacomponent.notification.OrderConfirmationNotifier","com.dsarp.shop.shared.AbstractBusinessCapability"
"com.dsarp.shop.megacomponent.notification.PaymentFailureNotifier","com.dsarp.shop.model.CapabilityDecision"
"com.dsarp.shop.megacomponent.notification.PaymentFailureNotifier","com.dsarp.shop.model.OrderContext"
"com.dsarp.shop.megacomponent.notification.PaymentFailureNotifier","com.dsarp.shop.shared.AbstractBusinessCapability"
"com.dsarp.shop.megacomponent.notification.ReturnStatusNotifier","com.dsarp.shop.model.CapabilityDecision"
"com.dsarp.shop.megacomponent.notification.ReturnStatusNotifier","com.dsarp.shop.model.OrderContext"
"com.dsarp.shop.megacomponent.notification.ReturnStatusNotifier","com.dsarp.shop.shared.AbstractBusinessCapability"
"com.dsarp.shop.megacomponent.payment.PaymentAuthorizationService","com.dsarp.shop.model.CapabilityDecision"
"com.dsarp.shop.megacomponent.payment.PaymentAuthorizationService","com.dsarp.shop.model.OrderContext"
"com.dsarp.shop.megacomponent.payment.PaymentAuthorizationService","com.dsarp.shop.shared.AbstractBusinessCapability"
"com.dsarp.shop.megacomponent.payment.PaymentCaptureService","com.dsarp.shop.model.CapabilityDecision"
"com.dsarp.shop.megacomponent.payment.PaymentCaptureService","com.dsarp.shop.model.OrderContext"
"com.dsarp.shop.megacomponent.payment.PaymentCaptureService","com.dsarp.shop.shared.AbstractBusinessCapability"
"com.dsarp.shop.megacomponent.payment.PaymentCoordinator","com.dsarp.shop.model.CapabilityDecision"
"com.dsarp.shop.megacomponent.payment.PaymentCoordinator","com.dsarp.shop.model.OrderContext"
"com.dsarp.shop.megacomponent.payment.PaymentCoordinator","com.dsarp.shop.shared.AbstractBusinessCapability"
"com.dsarp.shop.megacomponent.payment.PaymentMethodSelector","com.dsarp.shop.model.CapabilityDecision"
"com.dsarp.shop.megacomponent.payment.PaymentMethodSelector","com.dsarp.shop.model.OrderContext"
"com.dsarp.shop.megacomponent.payment.PaymentMethodSelector","com.dsarp.shop.shared.AbstractBusinessCapability"
"com.dsarp.shop.megacomponent.payment.PaymentRetryPlanner","com.dsarp.shop.model.CapabilityDecision"
"com.dsarp.shop.megacomponent.payment.PaymentRetryPlanner","com.dsarp.shop.model.OrderContext"
"com.dsarp.shop.megacomponent.payment.PaymentRetryPlanner","com.dsarp.shop.shared.AbstractBusinessCapability"
"com.dsarp.shop.megacomponent.payment.PaymentRiskAssessor","com.dsarp.shop.model.CapabilityDecision"
"com.dsarp.shop.megacomponent.payment.PaymentRiskAssessor","com.dsarp.shop.model.OrderContext"
"com.dsarp.shop.megacomponent.payment.PaymentRiskAssessor","com.dsarp.shop.shared.AbstractBusinessCapability"
"com.dsarp.shop.megacomponent.payment.RefundCalculationService","com.dsarp.shop.model.CapabilityDecision"
"com.dsarp.shop.megacomponent.payment.RefundCalculationService","com.dsarp.shop.model.OrderContext"
"com.dsarp.shop.megacomponent.payment.RefundCalculationService","com.dsarp.shop.shared.AbstractBusinessCapability"
"com.dsarp.shop.megacomponent.promotion.CartThresholdEvaluator","com.dsarp.shop.model.CapabilityDecision"
"com.dsarp.shop.megacomponent.promotion.CartThresholdEvaluator","com.dsarp.shop.model.OrderContext"
"com.dsarp.shop.megacomponent.promotion.CartThresholdEvaluator","com.dsarp.shop.shared.AbstractBusinessCapability"
"com.dsarp.shop.megacomponent.promotion.CouponEligibilityChecker","com.dsarp.shop.model.CapabilityDecision"
"com.dsarp.shop.megacomponent.promotion.CouponEligibilityChecker","com.dsarp.shop.model.OrderContext"
"com.dsarp.shop.megacomponent.promotion.CouponEligibilityChecker","com.dsarp.shop.shared.AbstractBusinessCapability"
"com.dsarp.shop.megacomponent.promotion.LoyaltyDiscountCalculator","com.dsarp.shop.model.CapabilityDecision"
"com.dsarp.shop.megacomponent.promotion.LoyaltyDiscountCalculator","com.dsarp.shop.model.OrderContext"
"com.dsarp.shop.megacomponent.promotion.LoyaltyDiscountCalculator","com.dsarp.shop.shared.AbstractBusinessCapability"
"com.dsarp.shop.megacomponent.promotion.PromotionEvaluator","com.dsarp.shop.model.CapabilityDecision"
"com.dsarp.shop.megacomponent.promotion.PromotionEvaluator","com.dsarp.shop.model.OrderContext"
"com.dsarp.shop.megacomponent.promotion.PromotionEvaluator","com.dsarp.shop.shared.AbstractBusinessCapability"
"com.dsarp.shop.megacomponent.promotion.PromotionStackingResolver","com.dsarp.shop.model.CapabilityDecision"
"com.dsarp.shop.megacomponent.promotion.PromotionStackingResolver","com.dsarp.shop.model.OrderContext"
"com.dsarp.shop.megacomponent.promotion.PromotionStackingResolver","com.dsarp.shop.shared.AbstractBusinessCapability"
"com.dsarp.shop.megacomponent.promotion.PromotionUsageRecorder","com.dsarp.shop.model.CapabilityDecision"
"com.dsarp.shop.megacomponent.promotion.PromotionUsageRecorder","com.dsarp.shop.model.OrderContext"
"com.dsarp.shop.megacomponent.promotion.PromotionUsageRecorder","com.dsarp.shop.shared.AbstractBusinessCapability"
"com.dsarp.shop.megacomponent.promotion.SeasonalOfferSelector","com.dsarp.shop.model.CapabilityDecision"
"com.dsarp.shop.megacomponent.promotion.SeasonalOfferSelector","com.dsarp.shop.model.OrderContext"
"com.dsarp.shop.megacomponent.promotion.SeasonalOfferSelector","com.dsarp.shop.shared.AbstractBusinessCapability"
"com.dsarp.shop.megacomponent.reporting.CustomerCohortReporter","com.dsarp.shop.model.CapabilityDecision"
"com.dsarp.shop.megacomponent.reporting.CustomerCohortReporter","com.dsarp.shop.model.OrderContext"
"com.dsarp.shop.megacomponent.reporting.CustomerCohortReporter","com.dsarp.shop.shared.AbstractBusinessCapability"
"com.dsarp.shop.megacomponent.reporting.DeliveryPerformanceReporter","com.dsarp.shop.model.CapabilityDecision"
"com.dsarp.shop.megacomponent.reporting.DeliveryPerformanceReporter","com.dsarp.shop.model.OrderContext"
"com.dsarp.shop.megacomponent.reporting.DeliveryPerformanceReporter","com.dsarp.shop.shared.AbstractBusinessCapability"
"com.dsarp.shop.megacomponent.reporting.InventoryTurnoverReporter","com.dsarp.shop.model.CapabilityDecision"
"com.dsarp.shop.megacomponent.reporting.InventoryTurnoverReporter","com.dsarp.shop.model.OrderContext"
"com.dsarp.shop.megacomponent.reporting.InventoryTurnoverReporter","com.dsarp.shop.shared.AbstractBusinessCapability"
"com.dsarp.shop.megacomponent.reporting.OrderVolumeAnalyzer","com.dsarp.shop.model.CapabilityDecision"
"com.dsarp.shop.megacomponent.reporting.OrderVolumeAnalyzer","com.dsarp.shop.model.OrderContext"
"com.dsarp.shop.megacomponent.reporting.OrderVolumeAnalyzer","com.dsarp.shop.shared.AbstractBusinessCapability"
"com.dsarp.shop.megacomponent.reporting.PromotionPerformanceReporter","com.dsarp.shop.model.CapabilityDecision"
"com.dsarp.shop.megacomponent.reporting.PromotionPerformanceReporter","com.dsarp.shop.model.OrderContext"
"com.dsarp.shop.megacomponent.reporting.PromotionPerformanceReporter","com.dsarp.shop.shared.AbstractBusinessCapability"
"com.dsarp.shop.megacomponent.reporting.RevenueSummaryCalculator","com.dsarp.shop.model.CapabilityDecision"
"com.dsarp.shop.megacomponent.reporting.RevenueSummaryCalculator","com.dsarp.shop.model.OrderContext"
"com.dsarp.shop.megacomponent.reporting.RevenueSummaryCalculator","com.dsarp.shop.shared.AbstractBusinessCapability"
"com.dsarp.shop.megacomponent.reporting.SalesReportGenerator","com.dsarp.shop.model.CapabilityDecision"
"com.dsarp.shop.megacomponent.reporting.SalesReportGenerator","com.dsarp.shop.model.OrderContext"
"com.dsarp.shop.megacomponent.reporting.SalesReportGenerator","com.dsarp.shop.shared.AbstractBusinessCapability"
"com.dsarp.shop.megacomponent.validation.AddressValidator","com.dsarp.shop.model.CapabilityDecision"
"com.dsarp.shop.megacomponent.validation.AddressValidator","com.dsarp.shop.model.OrderContext"
"com.dsarp.shop.megacomponent.validation.AddressValidator","com.dsarp.shop.shared.AbstractBusinessCapability"
"com.dsarp.shop.megacomponent.validation.CustomerStatusValidator","com.dsarp.shop.model.CapabilityDecision"
"com.dsarp.shop.megacomponent.validation.CustomerStatusValidator","com.dsarp.shop.model.OrderContext"
"com.dsarp.shop.megacomponent.validation.CustomerStatusValidator","com.dsarp.shop.shared.AbstractBusinessCapability"
"com.dsarp.shop.megacomponent.validation.DeliveryConstraintValidator","com.dsarp.shop.model.CapabilityDecision"
"com.dsarp.shop.megacomponent.validation.DeliveryConstraintValidator","com.dsarp.shop.model.OrderContext"
"com.dsarp.shop.megacomponent.validation.DeliveryConstraintValidator","com.dsarp.shop.shared.AbstractBusinessCapability"
"com.dsarp.shop.megacomponent.validation.FraudSignalValidator","com.dsarp.shop.model.CapabilityDecision"
"com.dsarp.shop.megacomponent.validation.FraudSignalValidator","com.dsarp.shop.model.OrderContext"
"com.dsarp.shop.megacomponent.validation.FraudSignalValidator","com.dsarp.shop.shared.AbstractBusinessCapability"
"com.dsarp.shop.megacomponent.validation.OrderLineValidator","com.dsarp.shop.model.CapabilityDecision"
"com.dsarp.shop.megacomponent.validation.OrderLineValidator","com.dsarp.shop.model.OrderContext"
"com.dsarp.shop.megacomponent.validation.OrderLineValidator","com.dsarp.shop.shared.AbstractBusinessCapability"
"com.dsarp.shop.megacomponent.validation.OrderValidationCoordinator","com.dsarp.shop.model.CapabilityDecision"
"com.dsarp.shop.megacomponent.validation.OrderValidationCoordinator","com.dsarp.shop.model.OrderContext"
"com.dsarp.shop.megacomponent.validation.OrderValidationCoordinator","com.dsarp.shop.shared.AbstractBusinessCapability"
"com.dsarp.shop.megacomponent.validation.PaymentDataValidator","com.dsarp.shop.model.CapabilityDecision"
"com.dsarp.shop.megacomponent.validation.PaymentDataValidator","com.dsarp.shop.model.OrderContext"
"com.dsarp.shop.megacomponent.validation.PaymentDataValidator","com.dsarp.shop.shared.AbstractBusinessCapability"
"com.dsarp.shop.model.CustomerProfile","com.dsarp.shop.model.CustomerId"
"com.dsarp.shop.model.CustomerProfile","com.dsarp.shop.model.EmailAddress"
"com.dsarp.shop.model.InventoryPosition","com.dsarp.shop.model.ProductId"
"com.dsarp.shop.model.OrderLine","com.dsarp.shop.model.Money"
"com.dsarp.shop.model.OrderLine","com.dsarp.shop.model.ProductId"
"com.dsarp.shop.model.PaymentAuthorization","com.dsarp.shop.model.PaymentId"
"com.dsarp.shop.model.ProductSnapshot","com.dsarp.shop.model.Money"
"com.dsarp.shop.model.ProductSnapshot","com.dsarp.shop.model.ProductId"
"com.dsarp.shop.model.PromotionAdjustment","com.dsarp.shop.model.Money"
"com.dsarp.shop.model.ReturnRequest","com.dsarp.shop.model.OrderId"
"com.dsarp.shop.model.ReturnRequest","com.dsarp.shop.model.ReturnId"
"com.dsarp.shop.model.SalesSnapshot","com.dsarp.shop.model.Money"
"com.dsarp.shop.ordercore.OrderCancellationService","com.dsarp.shop.experimentalpromotions.api.DiscountPolicy"
"com.dsarp.shop.ordercore.OrderCancellationService","com.dsarp.shop.model.CapabilityDecision"
"com.dsarp.shop.ordercore.OrderCancellationService","com.dsarp.shop.model.OrderContext"
"com.dsarp.shop.ordercore.OrderCompletionService","com.dsarp.shop.experimentalpromotions.api.DiscountPolicy"
"com.dsarp.shop.ordercore.OrderCompletionService","com.dsarp.shop.model.CapabilityDecision"
"com.dsarp.shop.ordercore.OrderCompletionService","com.dsarp.shop.model.OrderContext"
"com.dsarp.shop.ordercore.OrderDecisionService","com.dsarp.shop.experimentalpromotions.api.DiscountPolicy"
"com.dsarp.shop.ordercore.OrderDecisionService","com.dsarp.shop.model.CapabilityDecision"
"com.dsarp.shop.ordercore.OrderDecisionService","com.dsarp.shop.model.OrderContext"
"com.dsarp.shop.ordercore.OrderFactory","com.dsarp.shop.experimentalpromotions.api.DiscountPolicy"
"com.dsarp.shop.ordercore.OrderFactory","com.dsarp.shop.model.CapabilityDecision"
"com.dsarp.shop.ordercore.OrderFactory","com.dsarp.shop.model.OrderContext"
"com.dsarp.shop.ordercore.OrderHistoryService","com.dsarp.shop.experimentalpromotions.api.DiscountPolicy"
"com.dsarp.shop.ordercore.OrderHistoryService","com.dsarp.shop.model.CapabilityDecision"
"com.dsarp.shop.ordercore.OrderHistoryService","com.dsarp.shop.model.OrderContext"
"com.dsarp.shop.ordercore.OrderIdentityService","com.dsarp.shop.experimentalpromotions.api.DiscountPolicy"
"com.dsarp.shop.ordercore.OrderIdentityService","com.dsarp.shop.model.CapabilityDecision"
"com.dsarp.shop.ordercore.OrderIdentityService","com.dsarp.shop.model.OrderContext"
"com.dsarp.shop.ordercore.OrderLifecycleService","com.dsarp.shop.experimentalpromotions.api.DiscountPolicy"
"com.dsarp.shop.ordercore.OrderLifecycleService","com.dsarp.shop.model.CapabilityDecision"
"com.dsarp.shop.ordercore.OrderLifecycleService","com.dsarp.shop.model.OrderContext"
"com.dsarp.shop.ordercore.OrderLinePolicy","com.dsarp.shop.experimentalpromotions.api.DiscountPolicy"
"com.dsarp.shop.ordercore.OrderLinePolicy","com.dsarp.shop.model.CapabilityDecision"
"com.dsarp.shop.ordercore.OrderLinePolicy","com.dsarp.shop.model.OrderContext"
"com.dsarp.shop.ordercore.OrderPricingService","com.dsarp.shop.experimentalpromotions.api.DiscountPolicy"
"com.dsarp.shop.ordercore.OrderPricingService","com.dsarp.shop.model.CapabilityDecision"
"com.dsarp.shop.ordercore.OrderPricingService","com.dsarp.shop.model.OrderContext"
"com.dsarp.shop.ordercore.OrderStateMachine","com.dsarp.shop.experimentalpromotions.api.DiscountPolicy"
"com.dsarp.shop.ordercore.OrderStateMachine","com.dsarp.shop.model.CapabilityDecision"
"com.dsarp.shop.ordercore.OrderStateMachine","com.dsarp.shop.model.OrderContext"
"com.dsarp.shop.ordercore.OrderSubmissionService","com.dsarp.shop.experimentalpromotions.api.DiscountPolicy"
"com.dsarp.shop.ordercore.OrderSubmissionService","com.dsarp.shop.model.CapabilityDecision"
"com.dsarp.shop.ordercore.OrderSubmissionService","com.dsarp.shop.model.OrderContext"
"com.dsarp.shop.ordercore.OrderTotalCalculator","com.dsarp.shop.experimentalpromotions.api.DiscountPolicy"
"com.dsarp.shop.ordercore.OrderTotalCalculator","com.dsarp.shop.model.CapabilityDecision"
"com.dsarp.shop.ordercore.OrderTotalCalculator","com.dsarp.shop.model.OrderContext"
"com.dsarp.shop.returns.ReturnAuthorizationService","com.dsarp.shop.model.CapabilityDecision"
"com.dsarp.shop.returns.ReturnAuthorizationService","com.dsarp.shop.model.OrderContext"
"com.dsarp.shop.returns.ReturnAuthorizationService","com.dsarp.shop.shared.AbstractBusinessCapability"
"com.dsarp.shop.returns.ReturnEligibilityService","com.dsarp.shop.model.CapabilityDecision"
"com.dsarp.shop.returns.ReturnEligibilityService","com.dsarp.shop.model.OrderContext"
"com.dsarp.shop.returns.ReturnEligibilityService","com.dsarp.shop.shared.AbstractBusinessCapability"
"com.dsarp.shop.returns.ReturnInspectionService","com.dsarp.shop.model.CapabilityDecision"
"com.dsarp.shop.returns.ReturnInspectionService","com.dsarp.shop.model.OrderContext"
"com.dsarp.shop.returns.ReturnInspectionService","com.dsarp.shop.shared.AbstractBusinessCapability"
"com.dsarp.shop.returns.ReturnResolutionService","com.dsarp.shop.model.CapabilityDecision"
"com.dsarp.shop.returns.ReturnResolutionService","com.dsarp.shop.model.OrderContext"
"com.dsarp.shop.returns.ReturnResolutionService","com.dsarp.shop.shared.AbstractBusinessCapability"
"com.dsarp.shop.shared.AbstractBusinessCapability","com.dsarp.shop.model.CapabilityDecision"
"com.dsarp.shop.shared.AbstractBusinessCapability","com.dsarp.shop.model.OrderContext"
"com.dsarp.shop.shared.AbstractBusinessCapability","com.dsarp.shop.shared.BusinessCapability"
"com.dsarp.shop.shared.BusinessCapability","com.dsarp.shop.model.CapabilityDecision"
"com.dsarp.shop.shared.BusinessCapability","com.dsarp.shop.model.OrderContext"
"com.dsarp.shop.utilities.BusinessClockService","com.dsarp.shop.model.CapabilityDecision"
"com.dsarp.shop.utilities.BusinessClockService","com.dsarp.shop.model.OrderContext"
"com.dsarp.shop.utilities.BusinessClockService","com.dsarp.shop.shared.AbstractBusinessCapability"
"com.dsarp.shop.utilities.ReferenceGenerationService","com.dsarp.shop.model.CapabilityDecision"
"com.dsarp.shop.utilities.ReferenceGenerationService","com.dsarp.shop.model.OrderContext"
"com.dsarp.shop.utilities.ReferenceGenerationService","com.dsarp.shop.shared.AbstractBusinessCapability"
